school,
'Alcona Community s',
 'Greenbush Christian Academy',
 'Burt Township ',
 'Munising Baptist ',
 'Munising High ',
 'Superior Central ',
 'Allegan County Area Technical & Education Center',
 'Allegan Alternative High ',
 'Allegan High ',
 'East Martin Christian High ',
 'Fennville High ',
 'Hamilton High ',
 'Holland Christian High ',
 'Hopkins High ',
 'Martin High ',
 'Otsego Baptist Academy',
 'Otsego High ',
 'Plainwell High ',
 'Renaissance High ',
 'Saugatuck High ',
 'Wayland Union High ',
 'Alpena High ',
 'ACES Academy',
 'Alba Public ',
 'Bellaire High ',
 'Central Lake High ',
 'Concord Academy',
 'Elk Rapids High ',
 'Ellsworth Community ',
 'Mancelona High ',
 'Arenac Eastern High ',
 'Au Gres-Sims High ',
 'Standish-Sterling Central High ',
 'Baraga Junior/Senior High ',
 "L'Anse High ",
 'Barry County Christian ',
 'Cedar Creek Christian ',
 'Delton-Kellogg Alternative High ',
 'Delton-Kellogg High ',
 'Hastings High ',
 'Lakewood High ',
 'Thornapple-Kellogg High ',
 'Bay City Public s',
 'Bay City Central High ',
 'Bay City Western High ',
 'Wenona Center High ',
 'All Saints Central High ',
 'Bay-Arenac Community High ',
 'Bible Baptist ',
 'Garber High ',
 'John Glenn High ',
 'Pinconning Advancement Academy',
 'Pinconning Area High ',
 'Benzie Central High ',
 'Frankfort High ',
 'Benton Harbor Public s',
 'Benton Harbor Freshman Academy',
 'Benton Harbor High ',
 'Andrews Academy',
 'Berrien Springs High ',
 'Brandywine Middle/Senior High ',
 'Bridgman High ',
 'Buchanan High ',
 'Coloma High ',
 'Countryside Academy',
 'Eau Claire Middle-High ',
 'Grace Christian ',
 'Jesus Christ Academy',
 'Lake Michigan Catholic High ',
 'Lakeshore High ',
 'Michigan Lutheran High ',
 'New Buffalo High ',
 'Niles High ',
 'River Valley Middle/High ',
 'St. Joseph High ',
 'Watervliet Senior High ',
 'Bronson Junior/Senior High ',
 'Coldwater High ',
 'Fiske International ',
 'Franklin High ',
 'Pansophia Academy',
 'Quincy High ',
 'Albion High ',
 'Athens High ',
 'Battle Creek Central High ',
 'Bedford Bible Church ',
 'Cooks Prairie Baptist ',
 'Harper Creek High ',
 'Homer Community ',
 'Lakeview High ',
 'Maple Grove Christian Academy',
 'Marshall High ',
 'Pennfield Senior High ',
 'South Hill Academy',
 'St. Philip Catholic Central High ',
 'Tekonsha Senior High ',
 'Union City High ',
 'Calvary Bible Academy',
 'Dowagiac Union High ',
 'Edwardsburg High ',
 'Marcellus High ',
 'Ross Beatty Junior/Senior High ',
 'Beaver Island Community ',
 'Boyne City High ',
 'Boyne Falls Public ',
 'Charlevoix High ',
 'Concord Academy Boyne',
 'East Jordan High ',
 'Northwest Academy',
 'Cheboygan Area High ',
 'Inland Lakes High ',
 'Mackinaw City High ',
 'Northern Michigan Christian Academy',
 'Wolverine Middle/High ',
 'Brimley Middle/High ',
 'DeTour High ',
 'Malcolm High ',
 'Maplewood Baptist Academy',
 'Ojibwe Charter ',
 'Pickford High ',
 'Rudyard High ',
 'Sault Area High ',
 'Whitefish Township Community ',
 'Clare High ',
 'Clare-Gladwin Day ',
 'Farwell High ',
 'Farwell Timberland Alternative High ',
 'Harrison High ',
 'Pioneer High ',
 'Bath High ',
 'DeWitt High ',
 'Fowler High ',
 'Ovid-Elsie High ',
 'Pewamo-Westphalia Junior/Senior High ',
 'St. Johns High ',
 'Wilson Center Alternative Education',
 'Calvary Baptist Academy',
 'Grayling High ',
 'Bark River-Harris High ',
 'Big Bay de Noc High ',
 'Escanaba Area High ',
 'Bay Middle College (Formerly Fitzharris Alternative High )',
 'Gladstone Area High ',
 'Mid-Peninsula High ',
 'Rapid River High ',
 'Iron Mountain High ',
 'Kingsford High ',
 'North Dickinson County ',
 'Norway High ',
 'Bellevue High ',
 'Charlotte High ',
 'Eaton Rapids High ',
 'Grand Ledge High ',
 'Maple Valley Junior/Senior High ',
 'Mount Olivet Christian ',
 'Olivet High ',
 'Potterville High ',
 'Sawdon High ',
 'Waverly High ',
 'Alanson-Littlefield High ',
 'Concord Academy Petoskey',
 'Harbor Light Christian ',
 'Harbor Springs High ',
 'Pellston High ',
 'Petoskey High ',
 'St. Michael the Archangel Regional Catholic Academy',
 'Flint Community s',
 'Flint Central High ',
 'Flint Northern High ',
 'Flint Northwestern Academy',
 'Flint Southwestern Academy',
 'Mott Adult High ',
 's of Choice',
 'Alternative Academy',
 'Atherton High ',
 'Beecher High ',
 'Bendle High ',
 'Bentley High ',
 'Carman-Ainsworth High ',
 'Clio Area High ',
 'Davison High ',
 'Faith Baptist ',
 'Faithway Christian ',
 'Fenton High ',
 'Flushing High ',
 'Genesee Christian ',
 'Genesee Junior/Senior High ',
 'Goodrich High ',
 'Grace Christian Academy',
 'Grand Blanc Community High ',
 'Hamady High ',
 'Hill-McCloy High ',
 'International Academy of Flint',
 'Judson Christian Academy',
 'Kearsley High ',
 'Elisabeth Ann Johnson Memorial High ',
 'Lake Fenton High ',
 'Lakeville Alternative High ',
 'Lakeville Memorial High ',
 'Linden High ',
 'Mott Middle College',
 'Mount Morris Alternative Education',
 'Powers Catholic High ',
 'Richfield Christian Academy',
 'Southern Lakes Academy',
 'St. Thomas More Academy',
 'Swartz Creek High ',
 'Valley Christian Academy',
 'Valley ',
 'Beaverton High ',
 'Gladwin Community Alternative High ',
 'Gladwin High ',
 'Skeels Christian ',
 'Gogebic County Community Education',
 'A.D. Johnston Senior/Junior High ',
 'Wakefield-Marenisco ',
 'Watersmeet Township ',
 'Luther L. Wright Middle /High ',
 'Interlochen Center for the Arts',
 'Kingsley Area High ',
 'St. Francis High ',
 'Traverse City Christian Junior-Senior High ',
 'Traverse City Central High ',
 'Traverse City West Senior High',
 'Alma High ',
 'Ashley High ',
 'Breckenridge High ',
 'Fulton High ',
 'Ithaca High ',
 'St. Louis High ',
 'Bird Lake Bible ',
 'Camden-Frontier High ',
 'Freedom Farm Christian ',
 'Hillsdale Academy',
 'Hillsdale Alternative High ',
 'Hillsdale High ',
 'Jonesville High ',
 'Litchfield High ',
 'New Hope Christian ',
 'New Hope United Brethren ',
 'North Adams High ',
 'Phoenix Alternative Secondary ',
 'Pittsford High ',
 'Reading Junior-Senior High ',
 'Waldron Area ',
 'Will Carleton Academy',
 'Calumet-Laurium-Keweenaw High ',
 'Chassell Township ',
 'Copper Country Christian ',
 'Dollar Bay-Tamarack City High ',
 'Hancock Central High  (Hancock',
 'Houghton High ',
 'Jeffers High ',
 'Lake Linden?Hubbell High ',
 'Bad Axe High ',
 'Caseville Public ',
 'Harbor Beach High ',
 'Laker High ',
 'North Huron Secondary ',
 'Owendale-Gagetown High ',
 'Port Hope Community ',
 'Ubly Community High ',
 'Lansing  District',
 'Eastern High ',
 'Everett High ',
 'J.W. Sexton High ',
 'Capitol City Baptist ',
 'Central Lutheran High ',
 'Dansville High ',
 'East Lansing High ',
 'Haslett High ',
 'Holt Central High ',
 'Holt High ',
 'Lakeside Christian ',
 'Lansing Baptist ',
 'Lansing Catholic High ',
 'Lansing Christian ',
 'Leslie High ',
 'Mason High ',
 'New Covenant Christian ',
 'Okemos High ',
 'Stockbridge Alternative High ',
 'Stockbridge High ',
 'Summit High ',
 'Webberville Alternative Secondary ',
 'Webberville High ',
 'Williamston High ',
 'Belding Alternative Education',
 'Belding High ',
 'Faith Christian ',
 'Ionia High ',
 'Portland High ',
 'Saranac High ',
 'St. Patrick High ',
 'Hale High ',
 'Living Truth Learning Center',
 'Oscoda High ',
 'Pinecrest ',
 'Tawas Area High ',
 'Whittemore-Prescott High ',
 'Iron River Christian Academy',
 'Forest Park High ',
 'West Iron County High ',
 'Beal City ',
 'Morey Charter ',
 'Mount Pleasant High ',
 'Oasis High ',
 'Odyssey Middle/High ',
 'Sacred Heart Academy High ',
 'Shepherd Senior High ',
 'Columbia Central High ',
 'Concord High ',
 'Da Vinci High ',
 'East Jackson Secondary ',
 'Grass Lake High  Grass Lake',
 'Hanover-Horton High ',
 'Jackson Christian High ',
 'Jackson High ',
 'Lumen Christi Catholic ',
 'Michigan Center Senior High ',
 'Napoleon High ',
 'Northwest Alternative High ',
 'Northwest High ',
 'Springport High ',
 'Vandercook Lake High ',
 'Western High ',
 'Climax-Scotts High ',
 'Comstock Public s',
 'Comstock Alternative High ',
 'Comstock High ',
 'Galesburg-Augusta High ',
 'Gull Lake High ',
 'Hackett Catholic Central High ',
 'Heritage Christian Academy',
 'Kalamazoo Area Math and Science Center (Kamsc)',
 'Kalamazoo Christian High ',
 'Kalamazoo Public s',
 'Kalamazoo Central High ',
 'Loy Norrix High ',
 'Phoenix High ',
 'Parchment High ',
 'Portage Public s',
 'Portage Central High ',
 'Portage Northern High ',
 'craft High ',
 'Vicksburg High ',
 'Forest Area Community s',
 'Kalkaska High ',
 'Northside Alternative High ',
 'Kalkaska Middle ',
 'Diocese of Grand Rapids',
 'Catholic Central High ',
 'West Catholic High ',
 'Forest Hills Public s',
 'Alternative Pathways High ',
 'Forest Hills Central High ',
 'Forest Hills Eastern High ',
 'Forest Hills Northern High ',
 'Grand Rapids Public s',
 'Innovation Central High ',
 'City High-Middle ',
 'Grand Rapids Montessori High ',
 'Ottawa Hills High ',
 '** Union High ',
 'Kentwood Public s',
 'Crossroads Alternative High ',
 'East Kentwood High ',
 'Sparta Area s',
 'Englishville Alternative High ',
 'Sparta High ',
 'Wyoming Public s',
 'Horizons Community High ',
 'Omega High ',
 'Rogers High ',
 'Southwest Secondary',
 'Wyoming Park High ',
 'Wyoming High ',
 'Algoma Christian ',
 'Byron Center High ',
 'Byron Center Charter ',
 'Caledonia High ',
 'Calvin Christian High ',
 'CBOT  (12)',
 'Cedar Springs High ',
 'CLC Network',
 'Comstock Park High ',
 'Covenant Christian High ',
 'Creative Technologies Academy',
 'Discovery Alternative High ',
 'East Grand Rapids High ',
 'Gateway Middle/High ',
 'Glenmore High ',
 'Godwin Heights High ',
 'Grand Rapids Adventist Academy',
 'Grand Rapids Christian High ',
 'Grand Rapids Montessori Public ',
 'Grandville High ',
 'Kelloggsville High ',
 'Kenowa Hills High ',
 'Kent Career Technical Center',
 'Kent Innovation High',
 'Kent City High ',
 'Lake Michigan Academy',
 'Lee High ',
 'Lincoln ',
 'Lowell High ',
 'New Beginnings Alternative High ',
 'North Hills Classical Academy',
 'North Kent High ',
 'North Pointe Christian ',
 'Northview High ',
 'Northview High  East',
 'Orion ',
 'Pilgrim Bible Academy',
 'Plymouth Christian High ',
 "Potter's House High ",
 'Rockford High ',
 'Shared Time',
 'South Christian High ',
 "St. John's Home ",
 'The Learning Center Academy',
 'Tri-Unity Christian High ',
 'Vision Quest Alternative High ',
 'West Michigan Academy of Environmental Science',
 'West Michigan Lutheran High ',
 'Zion Christian ',
 'Horizons Alternative High ',
 'Baldwin Junior/Senior High ',
 'Almont High ',
 'Dryden High ',
 'Imlay City High ',
 'Lapeer High ',
 'Lapeer East High ',
 'Lapeer West High ',
 'North Branch High ',
 'Quest High ',
 'Venture High ',
 'Glen Lake High ',
 'Leelanau Peninsula High ',
 'Leelanau ',
 'Leland Public ',
 'Northport Public ',
 'St. Mary High ',
 'Suttons Bay High ',
 'Addison High ',
 'Adrian High ',
 'Blissfield High ',
 'Britton-Macon Area ',
 'Clinton High ',
 'Deerfield High ',
 "Holy Cross Children's Services",
 'Hudson Area High ',
 'Lenawee Christian ',
 'Madison High ',
 'Morenci Area High ',
 'Onsted Community High ',
 'Sand Creek High ',
 'Tecumseh High ',
 'Brighton High ',
 'Charyl Stockwell Preparatory Academy',
 'Fowlerville High ',
 'Hartland High ',
 'Howell High ',
 'LEGACY',
 'Kensington Woods High ',
 'Pinckney Community High ',
 'Brighton Alternative & Adult Education',
 'Newberry High ',
 'Beaver Island High ',
 'Cedarville High ',
 'Engadine Consolidated High ',
 'LaSalle High ',
 'Mackinac Island Public ',
 'Archdiocese of Detroit',
 'De La Salle Collegiate High ',
 'Regina High ',
 'Immaculate Conception Ukrainian Catholic High ',
 'Chippewa Valley s',
 'Chippewa Valley High ',
 'Dakota High ',
 'Mohegan High ',
 'Utica Community s',
 'Eisenhower High ',
 'Henry Ford II High ',
 'Stevenson High ',
 'Utica Center for Math',
 'Utica High ',
 'Warren Consolidated s',
 'Community High ',
 'Cousino High ',
 'Macomb Mathematics Science Technology Center',
 'Sterling Heights High ',
 'Warren Mott High ',
 'Warren Consolidated  of Performing Arts',
 'Anchor Bay High ',
 'Armada High ',
 'Arts Academy in the Woods',
 'Center Line High ',
 'Clintondale High ',
 'Clintondale Virtual High ',
 'Conner Creek East High',
 'Enterprise High ',
 'Enterprise High ',
 'Fitzgerald High ',
 'Fraser High ',
 'International Academy of Macomb',
 'Lake Shore High ',
 'Lakeview High ',
 "L'Anse Creuse High ",
 "L'Anse Creuse High  - North",
 'Lincoln High ',
 'Lutheran High  North',
 'Macomb Academy',
 'Macomb Academy of Arts and Science',
 'Macomb Christian High ',
 'Mount Clemens High ',
 'New Haven High ',
 'Richmond High ',
 'Romeo Community s',
 'Romeo High ',
 'Romeo Engineering and Technology Center',
 'Roseville High ',
 'South Lake High ',
 'Warren Woods Tower High ',
 'Bear Lake High ',
 'Brethren High ',
 'Casman Alternative Academy',
 'Catholic Central',
 'Manistee High ',
 'Onekama High ',
 'Gwinn High ',
 'Ishpeming High ',
 'Marquette Senior High ',
 'Negaunee High ',
 'North Star Academy',
 'Republic-Michigamme ',
 'Superior Central High ',
 'Ishpeming-Westwood High ',
 'Free Soil Community High ',
 'Journey Junior/Senior High ',
 'Ludington High ',
 'Mason County Central High ',
 'Mason County Eastern High ',
 'Big Rapids High ',
 'Brockway Christian Academy',
 'Chippewa Hills High ',
 'Community Christian ',
 'Crossroads Charter Academy',
 'Morley Stanwood High ',
 'Mosaic ',
 'New Directions High ',
 'Carney-Nadeau ',
 'Menominee High ',
 'Nah Tah Wahsh Public  Academy-Hannahville',
 'North Central Area High ',
 'Phoenix Alternative High ',
 'Stephenson High  (MI)',
 'Midland Public s',
 'Herbert Henry Dow High ',
 'Leiphart Alternative Education',
 'Midland High ',
 'Bullock Creek High ',
 'Calvary Baptist Academy',
 'Coleman High ',
 'Meridian High ',
 'Midland Academy of Advanced and Creative Studies',
 'Midland Christian ',
 'Windover High ',
 'Lake City High ',
 'McBain High ',
 'Northern Michigan Christian ',
 'Airport High ',
 'Bedford High ',
 'Dundee High ',
 'Holiness Christian ',
 'Ida High ',
 'Jefferson High ',
 'Lutheran High  South',
 'Mason High ',
 'Meadow Montessori High ',
 'Monroe High ',
 'Orchard Center High ',
 'St. Mary Catholic Central High ',
 'State Line Christian ',
 'Summerfield High ',
 'Whiteford High ',
 'Beth Haven Baptist Academy',
 'Carson City High ',
 'Central Montcalm High ',
 'Cornerstone Academy',
 'Cowden Lake Bible Academy',
 'Fellowship Baptist Academy',
 'Fish Creek ',
 'Grattan Academy',
 'Great Lakes Adventist Academy',
 'Greenville High ',
 'Lakeview High ',
 'Montabella High ',
 'Tri County High ',
 'Vestaburg High ',
 'Atlanta High ',
 'Hillman Community Junior/Senior High ',
 'Calvary Christian s',
 'Fruitport High ',
 'Holton High ',
 'Mona Shores High ',
 'Montague High ',
 'Muskegon Catholic Central High ',
 'Muskegon Heights Senior High ',
 'Muskegon High ',
 'North Muskegon High ',
 'Muskegon Technical Academy',
 'Oakridge High ',
 'Orchard View High ',
 'Ravenna High ',
 'Reeths-Puffer High ',
 'Western Michigan Christian High ',
 'Whitehall High ',
 'Cross Academy',
 'Faith Baptist Church ',
 'Fremont High ',
 'Grant High ',
 'Hesperia High ',
 'Newaygo High ',
 'Providence Christian High ',
 'White Cloud High ',
 'Academy of the Sacred Heart High ',
 'Access Academy Hazel Park Public s 16- to 19-year-olds. High  completion or GED preparation',
 'Detroit Catholic Central High ',
 'Bishop Foley Catholic High ',
 'Bradford Academy High ',
 'Brother Rice High ',
 'Everest Catholic High ',
 'Marian High ',
 'Mercy High ',
 'Notre Dame Preparatory ',
 'Our Lady of the Lakes High ',
 "St. Mary's Preparatory ",
 'Shrine Catholic High ',
 'Birmingham Public s',
 'Groves High ',
 'Lincoln Street Alternative High ',
 'Seaholm High ',
 'Bloomfield Hills s',
 'Bloomfield Hills High ',
 'Bowers Academy',
 'International Academy',
 'Farmington Public s',
 'Farmington Alternative High ',
 'Farmington High ',
 'Harrison High ',
 'North Farmington High ',
 'Huron Valley s',
 'Harbor High ',
 'Lakeland High ',
 'Milford High ',
 'Rochester Community s',
 'Alternative Center for Education',
 'Rochester Adams High ',
 'Rochester High ',
 'Stoney Creek High ',
 'Southfield Public s',
 'Southfield High ',
 'Southfield-Lathrup High ',
 'Southfield Regional Academic Campus',
 'Troy  District',
 'Athens High ',
 'Niles Community High ',
 'Troy High ',
 'International Academy East',
 'Walled Lake Consolidated s',
 'Community High ',
 'Walled Lake Central High ',
 'Walled Lake Northern High ',
 'Walled Lake Western High ',
 'Waterford  District',
 'Waterford Kettering High ',
 'Waterford Mott High ',
 'Waterford Durant High ',
 'Academy of Michigan',
 'Academy of Oak Park',
 'Advanced Technology Academy',
 'A.G.B.U. Alex and Marie Manoogian ',
 'Akiva Hebrew Day ',
 'Arthur Ashe Academy',
 'Auburn Hills Christian ',
 'Avondale High ',
 'Baldwin Road Church Academy',
 'Beis Chaya Mushka Girls High ',
 'Berkley High ',
 'Bethany Christian ',
 'Beth Jacob ',
 'Bethune Alternative Education (8-12)Pontiac',
 'Brandon High ',
 'Campbell Street Station Alternative High ',
 'Center for the Advanced Studies and the Arts (CASA)',
 'Christian Leadership Academy',
 'Churchill High ',
 'Clarkston High ',
 'Clawson High ',
 'Community High ',
 'Cranbrook Kingswood ',
 'Crossroads for Youth',
 'Detroit Country Day ',
 'Dondero High ',
 'Eton Academy',
 'Everest Academy',
 'Ferndale High ',
 'Franklin Road Christian ',
 'Havenwyck ',
 'Hazel Park High ',
 'Heritage Christian ',
 'Highland Hills Baptist Academy',
 'Holly High ',
 'Jardon ',
 'The Jean and Samuel Frankel Jewish Academy of Metropolitan Detroit',
 'Kimball High ',
 'Koby International Academy',
 'Lake Orion Baptist ',
 'Lake Orion High ',
 'Laker Academy',
 'Lamphere High ',
 'Learning Options High ',
 'Lutheran High  Northwest',
 'Madison High ',
 'Model High ',
 'Mount Zion Christian ',
 'Novi Christian ',
 'Novi High ',
 'Oakland Christian ',
 'Oakland International Academy',
 'Oak Park High ',
 'Oxford High ',
 'Pontiac Academy for Excellence',
 'Pontiac Central High ',
 'Pontiac High ',
 'Rochester Hills Christian ',
 'Roeper ',
 'Royal Oak High ',
 'South Lyon East High ',
 'South Lyon High ',
 'Southfield Christian ',
 'Springfield Christian Academy',
 'Waterford Christian Academy',
 'West Bloomfield High ',
 'Yeshivah Gedolah High ',
 'Yeshivas Darchei Torah - Girls',
 'Hart High ',
 'Lakeshore Public Academy',
 'Oceana High ',
 'Pentwater Public ',
 'Shelby High ',
 'Walkerville Middle/High ',
 'Bible Baptist Church ',
 'Ogemaw Heights High ',
 'Ogemaw Hills Christian ',
 'Second Chance Academy',
 'Ewen-Trout Creek ',
 'Ontonagon Area Senior High ',
 'Daystar Christian Academy',
 'Evart High ',
 'Genesis High ',
 'Heritage Christian Academy',
 'Marion High ',
 'Pine River High ',
 'Reed City High ',
 'Fairview High ',
 'Mio-AuSable High ',
 'Calvary Baptist ',
 'Gaylord High ',
 'Grace Baptist Christian ',
 'Johannesburg-Lewiston High ',
 'St. Mary Cathedral High ',
 'Vanderbilt Area ',
 'Allendale High ',
 'Black River Public ',
 'Calvary s of Holland',
 'Coopersville High ',
 'Daystar Christian Academy',
 'Grand Haven High  (Central High )',
 'Holland High ',
 'Hudsonville Public s',
 'Hudsonville High ',
 'Hudsonville Freshman Campus',
 'Jenison High ',
 'Lakeshore Baptist Academy',
 'Spring Lake High ',
 'Unity Christian High ',
 'West Ottawa High ',
 'Zeeland Public s',
 'Zeeland East High ',
 'Zeeland West High ',
 'Onaway High ',
 'Posen High ',
 'Presque Isle Academy',
 'Rogers City High/Middle ',
 'Houghton Lake High ',
 'Immanuel Christian ',
 'Roscommon High ',
 'Second Chance Academy',
 'Arthur Hill High ',
 'Birch Run High ',
 'Bridgeport Baptist Academy',
 'Bridgeport High ',
 'Brucker-BASE',
 'Buena Vista High ',
 'Carrollton High ',
 'Chesaning Union High ',
 'Community Baptist Christian ',
 'Frankenmuth High ',
 'Freeland High ',
 'Grace Baptist Christian ',
 'Hemlock High ',
 'Heritage High ',
 'Mackinaw High ',
 'Merrill High ',
 'Michigan Lutheran Seminary',
 'Nouvel Catholic Central High ',
 'Saginaw Arts and Sciences Academy',
 'Saginaw Career Complex',
 'Saginaw High ',
 'Saginaw Learn to Earn Academy',
 'Sheridan Road Baptist',
 'St. Charles High ',
 'Swan Valley High ',
 'Valley Lutheran High ',
 'Cardinal Mooney Catholic College Preparatory',
 'Academic Transitional Academy',
 'Academy of Style',
 'Algonac High ',
 'Blue Water Learning Academy',
 'Capac Junior/Senior High ',
 'Health Careers Academy',
 'Hospitality Academy',
 'Information Technology Academy',
 'Jefferson Adult Learning Center',
 'Marine City High ',
 'Marysville High ',
 'Memphis High ',
 'New Life Christian Academy',
 'Phoenix Alternative ',
 'Port Huron High ',
 'Port Huron Northern High ',
 'Port Huron South High ',
 'Public Safety Academy',
 'Riverview East High ',
 'St. Clair County Intervention Academy',
 'St. Clair County Learning Academy',
 'St. Clair High ',
 'St. Clair Technical Education Center',
 'Yale High ',
 'Burr Oak High ',
 'Centreville Covered Bridge High ',
 'Centreville High ',
 'Colon High ',
 'Constantine High ',
 'Heartwood Renaissance Academy',
 'Howardsville Christian ',
 'Huss Academy',
 'KAMSC (Kalamazoo Area Mathematics and Science Center)',
 'Lake Area Christian ',
 'Mendon Junior/Senior High ',
 'Nottawa Christian Day ',
 'Sturgis Christian ',
 'Sturgis High ',
 'Three Rivers High ',
 'White Pigeon High ',
 'Brown City High ',
 'Carsonville-Port Sanilac High ',
 'Cros-Lex High ',
 'Deckerville High ',
 'Marlette High ',
 'Peck Junior/Senior High ',
 'Sandusky High ',
 'Manistique High ',
 'Byron High ',
 'Corunna High ',
 'Durand Area High ',
 'Laingsburg High ',
 'Lincoln High ',
 'Morrice Junior/Senior High ',
 'New Lothrop High ',
 'Owosso Christian ',
 'Owosso High ',
 'Perry High ',
 'Spring Vale Academy',
 'Akron-Fairgrove Junior/Senior High ',
 'Caro Alternative High ',
 'Caro High ',
 'Cass City High ',
 'Deford Christian Academy',
 'Juniata Christian ',
 'Kingston High ',
 'Mayville High ',
 'Millington High ',
 'Reese High ',
 'Unionville-Sebewaing Area High ',
 'Vassar Senior High ',
 'Bangor High ',
 'Bloomingdale High ',
 'Covert High ',
 'Decatur High ',
 'Gobles High ',
 'Hartford High ',
 'Lawrence Junior/Senior High ',
 'Lawton High ',
 'Mattawan High ',
 'Michigan Avenue Academy',
 'Paw Paw High ',
 'L.C. Mohr High ',
 'Roman Catholic Diocese of Lansing',
 'Fr. Gabriel Richard High ',
 'Ann Arbor Public s',
 'Community High ',
 'Huron High ',
 'Pioneer High ',
 'Skyline High ',
 'Roberto Clemente Student Development Center',
 'Stone High ',
 'Ann Arbor Academy',
 'Arbor Preparatory High ',
 'Apostolic Christian Academy',
 'Calvary Christian Academy',
 'Center for Occupational and Personalized Education',
 'Central Academy',
 'Chelsea High ',
 'Clonlara ',
 'Dexter High ',
 'Greenhills ',
 'Lincoln High ',
 'Manchester High ',
 'Michigan Islamic Academy',
 'Milan High ',
 'North Sharon Christian ',
 'Pineview Christian Academy',
 'Rudolf Steiner of Ann Arbor',
 'Saline Christian ',
 'Saline High ',
 'Washtenaw Christian Academy',
 'Washtenaw Technical Middle College',
 'Whitmore Lake High ',
 'Willow Run High ',
 'Ypsilanti High ',
 'Cabrini High ',
 'Divine Child High ',
 'Gabriel Richard High ',
 'Ladywood High ',
 'Loyola High ',
 'Our Lady of Mount Carmel High ',
 'Regina High ',
 'University of Detroit Jesuit High  and Academy',
 'Blanche Kelso Bruce Academy',
 'Blanche Kelso Bruce Academy - Calumet',
 'Blanche Kelso Bruce Academy - Connor',
 'Blanche Kelso Bruce Academy - DePaul',
 'Blanche Kelso Bruce Academy - Detroit',
 'Blanche Kelso Bruce Academy - Eliot Center',
 "Blanche Kelso Bruce Academy - St. Jude's",
 "Blanche Kelso Bruce Academy - Victor's",
 'Blanche Kelso Bruce Academy - Wolverine',
 'Dearborn Public s',
 'Dearborn Center for Math',
 'Dearborn High ',
 'Dearborn Virtual Academy',
 'Edsel Ford High ',
 'Fordson High ',
 'Michael Berry Career Center',
 'Detroit Public s',
 'Barsamian Preparatory Center',
 'Boykin Continuing Education Center',
 'Breithaupt Career and Technical Center',
 'Cass Technical High ',
 'Central High ',
 'Chadsey High ',
 'Cody High ',
 'Communication and Media Arts High ',
 'Cooley High ',
 'Crockett Career and Technical Center',
 'Crockett High ',
 'Crosman High ',
 'Davis Aerospace High ',
 'Denby High ',
 'Detroit City High ',
 'Detroit High  for Technology',
 'Detroit International Academy',
 'Detroit  of Arts',
 'Douglass Academy',
 'Ferguson Academy for Young Women',
 'Ford High ',
 'Golightly Career and Technical Center',
 'Kettering High ',
 'King High ',
 'Mackenzie High ',
 'Mackenzie High  (Michigan)',
 'Millennium ',
 'Mumford High ',
 'Murray-Wright High ',
 'Northern High ',
 'Northwestern High ',
 'Osborn High '
 'Pershing High ',
 'Randolph Career and Technical Center',
 'Redford High ',
 'Renaissance High ',
 'Southeastern High ',
 'Southwestern High ',
 'Trombly Alternative High ',
 'Western International High ',
 'West Side Academy Alternative High ',
 'Life Skills Centers',
 'Life Skills Center of Covenant House Central',
 'Life Skills Center of Covenant House East',
 'Life Skills Center of Covenant House West',
 'Life Skills Center of Metropolitan Detroit',
 'Academy for Business and Technology',
 'Academy of Inkster',
 'Advanced Technology Academy',
 'Agape Christian Academy',
 'Aisha Shule/WEB Dubois Prep ',
 'Al-Ikhlas Training Academy',
 'Allen Academy',
 'Allen Park Community ',
 'Allen Park High ',
 'American Islamic Academy',
 'Anderson High ',
 'Annapolis High ',
 'Baptist Park ',
 'Belleville High ',
 'Benedictine High ',
 'Benjamin Carson Academy',
 'Bible Missionary Academy',
 'Bishop Gallagher High ',
 'Calvary Christian Academy',
 'Canton High ',
 'Canton Preparatory High ',
 'Casa Richard Academy',
 'Cesar Chavez Academy High ',
 'Charlotte Forten Academy',
 'Cherry Hill  of Performing Arts',
 'Churchill High ',
 'Clara B. Ford Academy',
 'Clarenceville High ',
 'Clinton St. Greater Beth Temple',
 'Community High/Middle ',
 'Cornerstone Academy',
 'Covenant High and Academy',
 'Crestwood High ',
 'Detroit Academy of Arts and Sciences',
 'Detroit Association Black Orgs',
 'Detroit  of Industrial Arts',
 'Detroit Urban Lutheran ',
 'Downriver High ',
 'East Catholic High ',
 'Ecorse Community High ',
 'Finney High ',
 'Flat Rock Community High ',
 'Franklin High ',
 'Frontier International Academy',
 'Galilean Baptist Educ. Ministry',
 'Garden City High ',
 'George Crockett Academy',
 'Grosse Ile High ',
 'Grosse Pointe Community ',
 'Grosse Pointe North High ',
 'Grosse Pointe South High ',
 'Hamilton ',
 'Hamilton J. Robichaud Junior/Senior High ',
 'Hamtramck High ',
 'Harper Woods High ',
 'Harry S. Truman High ',
 'Heart Academy',
 'Henry Ford Academy',
 'High  of Commerce & Business Administration',
 'Highland Park Community High ',
 'Holy Redeemer High ',
 'Hope of Detroit Academy',
 'Huron High ',
 'Huron Valley Lutheran High ',
 'Inkster High ',
 'Inter-City Baptist ',
 'John Glenn High ',
 'John F. Kennedy High ',
 'Light and Life Christian ',
 'Lincoln Park High ',
 'Livonia Career Technical Center',
 'Louisiana Homes ',
 'Lutheran High  Westland',
 'Marvin L. Winans Academy of Performing Arts High ',
 'McKinley ',
 'Melvindale High ',
 'Metro Baptist ',
 'Michigan Automotive Academy',
 'Michigan Health Academy',
 'Michigan Technical Academy High ',
 'Muhammad University of Islam',
 'New Center Academy',
 'New Galilee',
 'Northville High ',
 'Old Redford Academy Preparatory High ',
 'Oscar A. Carlson High ',
 'Detroit  of Arts (originally known as the Detroit  for the Fine and Performing Arts)',
 'Peterson-Warren Academy',
 'Plymouth Christian Academy',
 'Plymouth High ',
 'Redford Union High ',
 'River Rouge High ',
 'Riverview Community High ',
 'Romulus Senior High ',
 'Roosevelt High ',
 'St. Agatha High ',
 'Salem High ',
 'Star International Academy',
 'Stevenson High ',
 'Summit Academy North High ',
 'Taylor Career and Technical Center',
 'Taylor Center Baptist Academy',
 'Thurston High ',
 'Tinkham Alternative High ',
 'Titan Academy Alternative Education',
 'Todd-Phillips Learning Resource (5-11)',
 'Trenton High ',
 'United Christian ',
 'Universal Academy',
 'University Liggett ',
 'University Preparatory Academy',
 'Urban Arts',
 'Van Buren Alternative Education ',
 'Voyageur Academy',
 'Wayne Memorial High ',
 'Western Wayne Skills Center',
 'Westland Christian Academy',
 'Weston Technical Academy',
 'Westside Christian Academy',
 'William D. Ford Career-Technical Center',
 'Woodhaven High ',
 'Buckley Community ',
 'Cadillac Heritage Christian',
 'Cadillac High ',
 'Cooley ',
 'Manton High ',
 'Mesick Consolidated High '